{
  "num_clients": 5,
  "num_rounds": 3,
  "model_type": "fc",
  "rounds": [
    {
      "round": 1,
      "accuracy": 0.740045766590389,
      "loss": 0.259954233409611
    },
    {
      "round": 2,
      "accuracy": 0.7482837528604119,
      "loss": 0.25171624713958807
    },
    {
      "round": 3,
      "accuracy": 0.8528604118993135,
      "loss": 0.1471395881006865
    }
  ]
}