{
  "Pre-beat baseline": 0.700867070162493,
  "P-wave": 0.2765217792926383,
  "PR interval": 0.47170305549466357,
  "QRS complex": 0.8516406200104119,
  "ST segment": 0.7522519547454661,
  "T-wave": 0.433787259064344,
  "Post-beat baseline": 0.6925898778117695
}